indice_canibalizacion,index,cluster,week,delta,customer
pos canibalizador,0,92,202031,25.6788,5090633347
pos canibalizado,0,92,202041,-17.1192,5090633347
unknown,0,92,202037,5.706299999999999,5090633347
unknown,0,92,202040,11.4129,5090633347
pos canibalizado,0,92,202039,-62.7702,5090633347
canibalizador,0,92,202038,53.259600000000006,5090633347
unknown,0,92,202036,-7.608599999999999,5090633347
unknown,0,92,202035,-13.061100000000003,5090633347
unknown,0,92,202034,-5.0090999999999966,5090633347
pos canibalizador,0,92,202033,27.5808,5090633347
unknown,0,92,202031,0.6972,5090041087
pos canibalizado,0,92,202041,-57.063900000000004,5090041087
pos canibalizador,0,92,202037,53.2596,5090041087
unknown,0,92,202040,7.6086,5090041087
unknown,0,92,202039,0.0,5090041087
unknown,0,92,202038,-4.3113,5090041087
pos canibalizado,0,92,202036,-17.563200000000002,5090041087
unknown,0,92,202035,-6.657599999999999,5090041087
canibalizador,0,92,202034,28.5321,5090041087
pos canibalizado,0,92,202033,-43.305,5090041087
unknown,0,92,202031,0.0,4987711477
unknown,0,92,202041,0.0,4987711477
unknown,0,92,202037,0.0,4987711477
unknown,0,92,202040,0.0,4987711477
unknown,0,92,202039,0.0,4987711477
unknown,0,92,202038,-17.1192,4987711477
canibalizador,0,92,202036,17.1192,4987711477
unknown,0,92,202035,0.0,4987711477
unknown,0,92,202034,0.0,4987711477
pos canibalizado,0,92,202033,-17.816399999999998,4987711477
pos canibalizado,0,92,202031,-45.650999999999996,4987710617
canibalizador,0,92,202041,29.9271,4987710617
pos canibalizador,0,92,202037,23.3325,4987710617
pos canibalizado,0,92,202040,-44.7,4987710617
pos canibalizador,0,92,202039,35.189400000000006,4987710617
pos canibalizado,0,92,202038,-24.7277999999997,4987710617
unknown,0,92,202036,12.363899999999699,4987710617
unknown,0,92,202035,0.0,4987710617
unknown,0,92,202034,0.9510000000000005,4987710617
pos canibalizador,0,92,202033,20.9235,4987710617
unknown,0,90,202031,-7.6086,4987577027
pos canibalizador,0,90,202041,7.6086,4987577027
unknown,0,90,202037,-12.8073,4987577027
unknown,0,90,202040,4.2477,4987577027
unknown,0,90,202039,-9.5106,4987577027
canibalizador,0,90,202038,13.5687,4987577027
unknown,0,90,202036,-17.37299999999997,4987577027
pos canibalizador,0,90,202035,21.87449999999997,4987577027
unknown,0,90,202034,-4.7553,4987577027
unknown,0,90,202033,0.2538,4987577027
pos canibalizador,0,90,202031,16.16819999999997,4987566257
pos canibalizado,0,90,202041,-15.914399999999999,4987566257
unknown,0,90,202037,-0.9510000000000005,4987566257
pos canibalizador,0,90,202040,9.2568,4987566257
canibalizado1,0,90,202039,-13.7583,4987566257
unknown,0,90,202038,-8.813399999999696,4987566257
pos canibalizador,0,90,202036,20.923499999999695,4987566257
unknown,0,90,202035,-6.9114,4987566257
unknown,0,90,202034,16.1682,4987566257
canibalizado,0,90,202033,-30.180300000000003,4987566257
canibalizador1,0,89,202031,3.8043,5088015907
unknown,0,89,202041,0.0,5088015907
unknown,0,89,202037,0.0,5088015907
unknown,0,89,202040,0.0,5088015907
unknown,0,89,202039,0.0,5088015907
unknown,0,89,202038,0.0,5088015907
unknown,0,89,202036,0.0,5088015907
unknown,0,89,202035,0.0,5088015907
unknown,0,89,202034,0.0,5088015907
unknown,0,89,202033,0.0,5088015907
canibalizado1,0,89,202031,-21.558818100000035,5088015887
unknown,0,89,202041,21.874500000000005,5088015887
unknown,0,89,202037,11.4129,5088015887
unknown,0,89,202040,0.0,5088015887
unknown,0,89,202039,-17.1192,5088015887
canibalizado1,0,89,202038,-12.363900000000001,5088015887
unknown,0,89,202036,-4.501499999999702,5088015887
unknown,0,89,202035,0.2537999999996998,5088015887
canibalizador1,0,89,202034,6.149700000000003,5088015887
unknown,0,89,202033,19.9725,5088015887
unknown,0,88,202031,0.0,5089321867
canibalizado,0,88,202041,-14.2659,5089321867
pos canibalizado,0,88,202037,-22.7613,5089321867
pos canibalizador,0,88,202040,37.0272,5089321867
pos canibalizado,0,88,202039,-28.5318,5089321867
pos canibalizador,0,88,202038,28.5318,5089321867
unknown,0,88,202036,0.0,5089321867
canibalizado,0,88,202035,-23.776500000000002,5089321867
canibalizador,0,88,202034,23.776500000000002,5089321867
unknown,0,88,202033,0.0,5089321867
unknown,0,88,202031,-4.501499999999999,4987942967
unknown,0,88,202041,4.501499999999999,4987942967
unknown,0,88,202037,3.1071,4987942967
unknown,0,88,202040,-7.608599999999999,4987942967
unknown,0,88,202039,12.1101,4987942967
canibalizado,0,88,202038,-17.816399999999998,4987942967
unknown,0,88,202036,1.9019999999999975,4987942967
pos canibalizador,0,88,202035,12.110100000000001,4987942967
pos canibalizado,0,88,202034,-17.816399999999998,4987942967
unknown,0,88,202033,7.608599999999999,4987942967
unknown,0,87,202031,4.7553,4987704647
pos canibalizado,0,87,202041,-12.3639,4987704647
pos canibalizador,0,87,202037,8.052599999999998,4987704647
pos canibalizador,0,87,202040,16.6752,4987704647
pos canibalizado,0,87,202039,-21.8745,4987704647
canibalizador,0,87,202038,17.373,4987704647
pos canibalizado,0,87,202036,-20.2263,4987704647
unknown,0,87,202035,-1.014000000000003,4987704647
unknown,0,87,202034,-0.8879999999999981,4987704647
unknown,0,87,202033,-3.106499999999972,4987704647
unknown,0,82,202031,-7.6086,5088022237
unknown,0,82,202041,-1.9020000000000001,5088022237
unknown,0,82,202037,-12.363900000000001,5088022237
unknown,0,82,202040,12.363900000000001,5088022237
canibalizador,0,82,202039,9.5106,5088022237
canibalizado,0,82,202038,-19.0212,5088022237
unknown,0,82,202036,5.706300000000001,5088022237
unknown,0,82,202035,-30.4341,5088022237
canibalizador,0,82,202034,19.972500000000032,5088022237
unknown,0,82,202033,14.26589999999997,5088022237
unknown,0,82,202031,0.0,4987740097
unknown,0,82,202041,0.0,4987740097
unknown,0,82,202037,0.0,4987740097
canibalizado,0,82,202040,-3.8043,4987740097
unknown,0,82,202039,3.8043,4987740097
unknown,0,82,202038,0.0,4987740097
unknown,0,82,202036,-3.8043,4987740097
unknown,0,82,202035,3.8043,4987740097
unknown,0,82,202034,0.0,4987740097
unknown,0,82,202033,-3.8043,4987740097
unknown,0,82,202031,-3.8043,4987725277
canibalizador,0,82,202041,3.8043,4987725277
unknown,0,82,202037,-7.6086,4987725277
unknown,0,82,202040,0.0,4987725277
unknown,0,82,202039,-22.8255,4987725277
canibalizador,0,82,202038,14.265900000000002,4987725277
unknown,0,82,202036,-2.5991999999999997,4987725277
unknown,0,82,202035,5.452499999999999,4987725277
pos canibalizado,0,82,202034,-17.1192,4987725277
unknown,0,82,202033,8.813400000000001,4987725277
unknown,0,81,202031,-3.8043,5088021297
pos canibalizado,0,81,202041,-18.0702,5088021297
canibalizado,0,81,202037,-21.4305,5088021297
unknown,0,81,202040,10.968899999999998,5088021297
pos canibalizador,0,81,202039,24.727500000000003,5088021297
pos canibalizado,0,81,202038,-30.941100000000002,5088021297
pos canibalizado,0,81,202036,-15.660899999999998,5088021297
pos canibalizador,0,81,202035,26.8836,5088021297
pos canibalizador,0,81,202034,19.7184,5088021297
pos canibalizado,0,81,202033,-15.91409999999997,5088021297
unknown,0,81,202031,-9.5106,5088021287
unknown,0,81,202041,-9.5106,5088021287
unknown,0,81,202037,1.902000000000001,5088021287
unknown,0,81,202040,7.608599999999999,5088021287
unknown,0,81,202039,9.5106,5088021287
pos canibalizado,0,81,202038,-47.5533,5088021287
canibalizador,0,81,202036,38.042699999999996,5088021287
unknown,0,81,202035,-7.608599999999999,5088021287
unknown,0,81,202034,9.5106,5088021287
unknown,0,81,202033,-14.0121,5088021287
pos canibalizado,0,81,202031,-20.4159,4987718707
pos canibalizador,0,81,202041,23.523,4987718707
unknown,0,81,202037,4.5015,4987718707
canibalizado,0,81,202040,-15.9144,4987718707
unknown,0,81,202039,3.8043000000000013,4987718707
unknown,0,81,202038,-7.608599999999999,4987718707
unknown,0,81,202036,-8.559600000000003,4987718707
pos canibalizador,0,81,202035,19.021500000000003,4987718707
unknown,0,81,202034,-2.853299999999999,4987718707
unknown,0,81,202033,3.804299999999998,4987718707
unknown,0,78,202031,4.7553,5090901317
pos canibalizado,0,78,202041,-8.5596,5090901317
unknown,0,78,202037,8.5596,5090901317
unknown,0,78,202040,0.0,5090901317
canibalizado,0,78,202039,-16.1682,5090901317
pos canibalizador,0,78,202038,16.1682,5090901317
pos canibalizado,0,78,202036,-8.5596,5090901317
unknown,0,78,202035,4.0581,5090901317
unknown,0,78,202034,-3.1071,5090901317
unknown,0,78,202033,0.0,5090901317
canibalizado1,0,78,202031,-12.1101,5088076707
unknown,0,78,202041,8.3058,5088076707
unknown,0,78,202037,0.0,5088076707
unknown,0,78,202040,3.8043,5088076707
unknown,0,78,202039,-8.5596,5088076707
unknown,0,78,202038,0.0,5088076707
unknown,0,78,202036,4.7553,5088076707
unknown,0,78,202035,-8.5596,5088076707
unknown,0,78,202034,7.862399999999999,5088076707
unknown,0,78,202033,0.6972,5088076707
unknown,0,78,202031,3.804299999999998,5087979297
canibalizador,0,78,202041,15.217199999999998,5087979297
unknown,0,78,202037,-3.804299999999998,5087979297
pos canibalizado,0,78,202040,-19.021500000000003,5087979297
unknown,0,78,202039,3.804300000000005,5087979297
unknown,0,78,202038,0.0,5087979297
unknown,0,78,202036,-3.804300000000005,5087979297
pos canibalizado,0,78,202035,-30.434400000000004,5087979297
pos canibalizador,0,78,202034,60.86880000000001,5087979297
pos canibalizado,0,78,202033,-19.0215,5087979297
canibalizador1,0,78,202031,11.4129,5087976777
unknown,0,78,202041,0.0,5087976777
unknown,0,78,202037,-11.4129,5087976777
unknown,0,78,202040,0.0,5087976777
unknown,0,78,202039,-3.8042999999999996,5087976777
pos canibalizador,0,78,202038,15.2172,5087976777
pos canibalizado,0,78,202036,-22.8258,5087976777
canibalizador,0,78,202035,22.8258,5087976777
pos canibalizado,0,78,202034,-30.4344,5087976777
pos canibalizador,0,78,202033,30.4344,5087976777
canibalizador,0,77,202031,13.5045,4987601627
pos canibalizado,0,77,202041,-9.003,4987601627
unknown,0,77,202037,0.0,4987601627
pos canibalizador,0,77,202040,9.003,4987601627
unknown,0,77,202039,-4.5015,4987601627
unknown,0,77,202038,-4.5015,4987601627
unknown,0,77,202036,0.0,4987601627
unknown,0,77,202035,4.5015,4987601627
unknown,0,77,202034,-8.3058,4987601627
unknown,0,77,202033,8.3058,4987601627
pos canibalizado,0,77,202031,-12.363900000000001,4987590307
pos canibalizado,0,77,202041,-21.366899999999998,4987590307
pos canibalizador,0,77,202037,26.1222,4987590307
pos canibalizado,0,77,202040,-17.1192,4987590307
canibalizador,0,77,202039,32.3364,4987590307
pos canibalizado,0,77,202038,-25.6788,4987590307
pos canibalizado,0,77,202036,-18.7677,4987590307
unknown,0,77,202035,3.5504999999999995,4987590307
unknown,0,77,202034,-6.846900000000005,4987590307
pos canibalizador,0,77,202033,10.65120000000001,4987590307
unknown,0,75,202031,0.0,5090280157
unknown,0,75,202041,0.0,5090280157
unknown,0,75,202037,0.0,5090280157
pos canibalizado,0,75,202040,-47.553000000000004,5090280157
pos canibalizador,0,75,202039,47.553000000000004,5090280157
pos canibalizado,0,75,202038,-19.7187,5090280157
pos canibalizador,0,75,202036,19.7187,5090280157
unknown,0,75,202035,0.0,5090280157
canibalizado,0,75,202034,-22.8258,5090280157
canibalizador,0,75,202033,22.8258,5090280157
unknown,0,75,202031,3.8043,4987769207
unknown,0,75,202041,0.0,4987769207
canibalizado,0,75,202037,-15.2172,4987769207
unknown,0,75,202040,6.911399999999999,4987769207
unknown,0,75,202039,8.305800000000001,4987769207
unknown,0,75,202038,-3.8043,4987769207
unknown,0,75,202036,0.0,4987769207
unknown,0,75,202035,-4.501500000000002,4987769207
unknown,0,75,202034,4.501500000000002,4987769207
unknown,0,75,202033,0.0,4987769207
pos canibalizado,0,75,202031,-30.1803,4987753957
pos canibalizador,0,75,202041,18.7674,4987753957
canibalizador,0,75,202037,20.9235,4987753957
pos canibalizado,0,75,202040,-17.1192,4987753957
unknown,0,75,202039,3.8042999999999996,4987753957
unknown,0,75,202038,-8.559600000000001,4987753957
pos canibalizador,0,75,202036,18.0702,4987753957
canibalizado,0,75,202035,-17.1192,4987753957
canibalizador,0,75,202034,17.1192,4987753957
unknown,0,75,202033,3.8043,4987753957
pos canibalizador,0,75,202031,7.6086,4987712537
pos canibalizado,0,75,202041,-19.0212,4987712537
unknown,0,75,202037,-1.9023000000000003,4987712537
pos canibalizador,0,75,202040,20.9235,4987712537
pos canibalizado,0,75,202039,-7.6086,4987712537
unknown,0,75,202038,-1.9020000000000001,4987712537
canibalizado,0,75,202036,-18.0705,4987712537
pos canibalizador,0,75,202035,27.5811,4987712537
unknown,0,75,202034,-15.2172,4987712537
pos canibalizado,0,75,202033,-18.0701999999997,4987712537
pos canibalizador,0,74,202031,12.110100000000003,5087992427
pos canibalizado,0,74,202041,-14.012400000000007,5087992427
pos canibalizador,0,74,202037,33.98460000000001,5087992427
canibalizado,0,74,202040,-18.070200000000007,5087992427
pos canibalizador,0,74,202039,33.287400000000005,5087992427
pos canibalizado,0,74,202038,-20.9235,5087992427
canibalizado,0,74,202036,-25.6788,5087992427
unknown,0,74,202035,11.4129,5087992427
pos canibalizado,0,74,202034,-8.305799999999998,5087992427
pos canibalizador,0,74,202033,26.375999999999998,5087992427
unknown,0,72,202031,4.7553,4987692197
unknown,0,72,202041,-4.7553,4987692197
canibalizado,0,72,202037,-26.629800000000003,4987692197
pos canibalizador,0,72,202040,9.5106,4987692197
unknown,0,72,202039,4.755300000000002,4987692197
unknown,0,72,202038,-9.5106,4987692197
unknown,0,72,202036,0.9510000000000005,4987692197
unknown,0,72,202035,3.804299999999998,4987692197
unknown,0,72,202034,-7.608599999999999,4987692197
unknown,0,72,202033,9.5106,4987692197
unknown,0,69,202031,0.0,5088105127
pos canibalizado,0,69,202041,-11.4129,5088105127
canibalizador,0,69,202037,11.4129,5088105127
unknown,0,69,202040,0.0,5088105127
unknown,0,69,202039,0.0,5088105127
unknown,0,69,202038,0.0,5088105127
unknown,0,69,202036,0.0,5088105127
unknown,0,69,202035,0.0,5088105127
unknown,0,69,202034,0.0,5088105127
unknown,0,69,202033,0.0,5088105127
unknown,0,69,202031,0.0,4987848857
unknown,0,69,202041,0.0,4987848857
unknown,0,69,202037,-0.6972,4987848857
unknown,0,69,202040,0.6972,4987848857
pos canibalizador,0,69,202039,3.8043,4987848857
unknown,0,69,202038,0.0,4987848857
canibalizado,0,69,202036,-11.4129,4987848857
pos canibalizador,0,69,202035,3.107099999999999,4987848857
pos canibalizador,0,69,202034,8.305800000000001,4987848857
pos canibalizado,0,69,202033,-8.5596,4987848857
pos canibalizador,0,68,202031,8.5596,5090677557
canibalizado1,0,68,202041,-12.3639,5090677557
pos canibalizador,0,68,202037,4.755299999999999,5090677557
unknown,0,68,202040,-3.8043000000000005,5090677557
pos canibalizador,0,68,202039,11.4129,5090677557
pos canibalizado,0,68,202038,-21.6207,5090677557
unknown,0,68,202036,13.0611,5090677557
unknown,0,68,202035,8.5596,5090677557
unknown,0,68,202034,-4.5015,5090677557
unknown,0,68,202033,-10.7157,5090677557
unknown,0,68,202031,0.0,5090615287
canibalizado1,0,68,202041,-12.3639,5090615287
pos canibalizador,0,68,202037,12.3639,5090615287
unknown,0,68,202040,-7.6086,5090615287
unknown,0,68,202039,-0.9509999999999996,5090615287
unknown,0,68,202038,4.7553,5090615287
unknown,0,68,202036,3.8043,5090615287
unknown,0,68,202035,-7.6086,5090615287
unknown,0,68,202034,3.8043,5090615287
unknown,0,68,202033,0.0,5090615287
unknown,0,68,202031,-3.8043,4987873047
unknown,0,68,202041,3.8043,4987873047
pos canibalizado,0,68,202037,-11.4129,4987873047
canibalizador,0,68,202040,11.4129,4987873047
unknown,0,68,202039,-3.8043,4987873047
unknown,0,68,202038,-4.7553,4987873047
unknown,0,68,202036,4.0581,4987873047
unknown,0,68,202035,4.5015,4987873047
unknown,0,68,202034,-3.8043,4987873047
unknown,0,68,202033,3.8043,4987873047
pos canibalizador,0,68,202031,12.363899999999997,4987870607
unknown,0,68,202041,0.6972000000000014,4987870607
pos canibalizador,0,68,202037,3.1071,4987870607
pos canibalizado,0,68,202040,-8.3058,4987870607
unknown,0,68,202039,1.3943999999999992,4987870607
unknown,0,68,202038,-5.452500000000001,4987870607
canibalizado,0,68,202036,-17.562600000000003,4987870607
pos canibalizador,0,68,202035,17.562600000000003,4987870607
unknown,0,68,202034,9.256800000000002,4987870607
unknown,0,68,202033,3.8043,4987870607
unknown,0,68,202031,-8.55959999999997,4987602577
canibalizador1,0,68,202041,12.363899999999969,4987602577
pos canibalizado,0,68,202037,-7.608599999999999,4987602577
unknown,0,68,202040,3.8042999999999996,4987602577
unknown,0,68,202039,-4.7553,4987602577
pos canibalizado,0,68,202038,-16.8654,4987602577
pos canibalizador,0,68,202036,22.5717,4987602577
canibalizado,0,68,202035,-22.5716999999997,4987602577
canibalizador,0,68,202034,25.424999999999702,4987602577
canibalizado,0,68,202033,-17.1192,4987602577
unknown,0,66,202031,0.0,5091364297
unknown,0,66,202041,0.0,5091364297
canibalizado,0,66,202037,-12.3639,5091364297
unknown,0,66,202040,4.058099999999998,5091364297
unknown,0,66,202039,3.5505000000000013,5091364297
unknown,0,66,202038,-7.608599999999999,5091364297
unknown,0,66,202036,7.608599999999999,5091364297
unknown,0,66,202035,-2.8533,5091364297
unknown,0,66,202034,-9.5106,5091364297
pos canibalizador,0,66,202033,13.3149,5091364297
unknown,0,66,202031,-3.8043,5090280597
pos canibalizado,0,66,202041,-9.5106,5090280597
unknown,0,66,202037,9.5106,5090280597
unknown,0,66,202040,-3.8043,5090280597
unknown,0,66,202039,7.6086,5090280597
canibalizado,0,66,202038,-21.6207,5090280597
canibalizador,0,66,202036,21.6207,5090280597
canibalizado,0,66,202035,-16.8654,5090280597
unknown,0,66,202034,9.256800000000002,5090280597
pos canibalizado,0,66,202033,-9.5106,5090280597
unknown,0,66,202031,-8.5596,4991615937
canibalizador,0,66,202041,8.5596,4991615937
unknown,0,66,202037,0.0,4991615937
unknown,0,66,202040,0.0,4991615937
unknown,0,66,202039,0.0,4991615937
unknown,0,66,202038,0.0,4991615937
unknown,0,66,202036,0.0,4991615937
unknown,0,66,202035,-3.8043,4991615937
unknown,0,66,202034,3.8043,4991615937
unknown,0,66,202033,0.0,4991615937
canibalizado,0,66,202031,-17.1192,4987734567
unknown,0,66,202041,4.7553,4987734567
unknown,0,66,202037,3.8042999999999996,4987734567
canibalizador,0,66,202040,8.5596,4987734567
pos canibalizado,0,66,202039,-20.4159,4987734567
pos canibalizador,0,66,202038,11.856300000000001,4987734567
unknown,0,66,202036,-4.5015,4987734567
unknown,0,66,202035,13.0611,4987734567
unknown,0,66,202034,-13.3149,4987734567
unknown,0,66,202033,5.7063,4987734567
pos canibalizador,0,66,202031,9.5106,4987728157
pos canibalizado,0,66,202041,-7.6086,4987728157
unknown,0,66,202037,7.6086,4987728157
canibalizado,0,66,202040,-15.9144,4987728157
pos canibalizador,0,66,202039,15.9144,4987728157
unknown,0,66,202038,-7.6086,4987728157
unknown,0,66,202036,7.6086,4987728157
unknown,0,66,202035,-3.8043,4987728157
canibalizado,0,66,202034,-17.81639999999997,4987728157
pos canibalizador,0,66,202033,17.11919999999997,4987728157
unknown,0,66,202031,-4.501500000000002,4987725497
unknown,0,66,202041,0.0,4987725497
unknown,0,66,202037,3.8043000000000013,4987725497
unknown,0,66,202040,-3.1071,4987725497
unknown,0,66,202039,3.8043,4987725497
unknown,0,66,202038,0.0,4987725497
unknown,0,66,202036,-0.6972,4987725497
unknown,0,66,202035,-12.110100000000003,4987725497
canibalizador,0,66,202034,16.611600000000003,4987725497
pos canibalizado,0,66,202033,-13.0611,4987725497
pos canibalizador,0,65,202031,7.6086,4987637687
unknown,0,65,202041,0.0,4987637687
unknown,0,65,202037,0.0,4987637687
unknown,0,65,202040,-4.5015,4987637687
pos canibalizado,0,65,202039,-7.862399999999999,4987637687
canibalizador,0,65,202038,12.3639,4987637687
unknown,0,65,202036,-4.7553,4987637687
unknown,0,65,202035,0.0,4987637687
unknown,0,65,202034,4.7553,4987637687
unknown,0,65,202033,-3.8043,4987637687
unknown,0,65,202031,-3.8043000000000005,4987575957
pos canibalizador,0,65,202041,11.4129,4987575957
unknown,0,65,202037,0.0,4987575957
pos canibalizado,0,65,202040,-21.8745,4987575957
pos canibalizador,0,65,202039,14.265900000000002,4987575957
pos canibalizado,0,65,202038,-24.220200000000002,4987575957
pos canibalizador,0,65,202036,31.8288,4987575957
pos canibalizado,0,65,202035,-74.18339999999999,4987575957
pos canibalizador,0,65,202034,47.55329999999999,4987575957
canibalizador,0,65,202033,18.0705,4987575957
unknown,0,65,202031,0.6972,4987570647
unknown,0,65,202041,0.0,4987570647
pos canibalizado,0,65,202037,-3.8043,4987570647
unknown,0,65,202040,3.1071,4987570647
unknown,0,65,202039,0.6972,4987570647
unknown,0,65,202038,3.8043,4987570647
pos canibalizado,0,65,202036,-17.1192,4987570647
canibalizador,0,65,202035,17.1192,4987570647
unknown,0,65,202034,0.0,4987570647
unknown,0,65,202033,-3.8043,4987570647
unknown,0,64,202031,0.0,5091589367
unknown,0,64,202041,0.0,5091589367
unknown,0,64,202037,0.0,5091589367
unknown,0,64,202040,0.0,5091589367
canibalizado,0,64,202039,-17.1192,5091589367
pos canibalizador,0,64,202038,17.1192,5091589367
pos canibalizado,0,64,202036,-17.1192,5091589367
unknown,0,64,202035,-3.8043000000000013,5091589367
pos canibalizador,0,64,202034,20.9235,5091589367
unknown,0,64,202033,0.0,5091589367
pos canibalizado,0,64,202031,-8.5596,5089878427
unknown,0,64,202041,-0.9510000000000005,5089878427
unknown,0,64,202037,9.5106,5089878427
unknown,0,64,202040,0.0,5089878427
unknown,0,64,202039,-4.7553,5089878427
unknown,0,64,202038,0.9509999999999996,5089878427
unknown,0,64,202036,7.6086,5089878427
canibalizado,0,64,202035,-16.86539999999997,5089878427
unknown,0,64,202034,3.5504999999999693,5089878427
unknown,0,64,202033,9.5106,5089878427
pos canibalizador,0,64,202031,3.8043,5088020907
unknown,0,64,202041,-90.35100000000001,5088020907
pos canibalizador,0,64,202037,90.35100000000001,5088020907
pos canibalizado,0,64,202040,-18.0702,5088020907
canibalizador,0,64,202039,21.8745,5088020907
pos canibalizado,0,64,202038,-31.3851,5088020907
unknown,0,64,202036,-3.804299999999998,5088020907
unknown,0,64,202035,3.804299999999998,5088020907
pos canibalizador,0,64,202034,13.314900000000002,5088020907
unknown,0,64,202033,10.4616,5088020907
unknown,0,64,202031,0.9510000000000001,4991640047
unknown,0,64,202041,0.0,4991640047
pos canibalizado,0,64,202037,-8.5596,4991640047
unknown,0,64,202040,-8.3058,4991640047
unknown,0,64,202039,-0.2537999999999698,4991640047
pos canibalizado,0,64,202038,-21.620700000000035,4991640047
pos canibalizador,0,64,202036,34.9356,4991640047
unknown,0,64,202035,2.8533,4991640047
unknown,0,64,202034,0.0,4991640047
canibalizado,0,64,202033,-29.229299999999704,4991640047
pos canibalizado,0,64,202031,-3.8042999999999996,4987731197
unknown,0,64,202041,-0.6972000000000005,4987731197
unknown,0,64,202037,0.0,4987731197
unknown,0,64,202040,-4.0581,4987731197
unknown,0,64,202039,8.5596,4987731197
unknown,0,64,202038,4.7553,4987731197
pos canibalizado,0,64,202036,-12.3639,4987731197
unknown,0,64,202035,-0.9510000000000005,4987731197
pos canibalizado,0,64,202034,-23.522999999999996,4987731197
canibalizador,0,64,202033,36.8379,4987731197
pos canibalizado,0,63,202031,-4.501500000000002,4987573087
pos canibalizador,0,63,202041,8.305800000000001,4987573087
unknown,0,63,202037,-3.8043,4987573087
unknown,0,63,202040,-8.3058,4987573087
pos canibalizador,0,63,202039,12.1101,4987573087
unknown,0,63,202038,-12.1101,4987573087
unknown,0,63,202036,4.501499999999999,4987573087
pos canibalizado,0,63,202035,-4.501499999999999,4987573087
pos canibalizador,0,63,202034,12.1101,4987573087
canibalizado,0,63,202033,-15.9144,4987573087
unknown,0,61,202031,0.0,5089567817
unknown,0,61,202041,0.0,5089567817
unknown,0,61,202037,0.0,5089567817
canibalizado,0,61,202040,-53.2602,5089567817
pos canibalizador,0,61,202039,53.2602,5089567817
unknown,0,61,202038,0.0,5089567817
unknown,0,61,202036,0.0,5089567817
pos canibalizado,0,61,202035,-15.2172,5089567817
unknown,0,61,202034,15.2172,5089567817
unknown,0,61,202033,0.0,5089567817
unknown,0,61,202031,-4.5015,4987688637
unknown,0,61,202041,-0.2538,4987688637
unknown,0,61,202037,-3.8042999999999996,4987688637
unknown,0,61,202040,0.0,4987688637
unknown,0,61,202039,4.7553,4987688637
canibalizado,0,61,202038,-26.1222,4987688637
pos canibalizador,0,61,202036,17.562600000000003,4987688637
unknown,0,61,202035,3.8042999999999996,4987688637
unknown,0,61,202034,-8.305800000000001,4987688637
unknown,0,61,202033,-4.501499999999972,4987688637
unknown,0,60,202031,-2.4090000000000007,5088020247
pos canibalizado,0,60,202041,-43.2417,5088020247
pos canibalizador,0,60,202037,38.9934,5088020247
pos canibalizador,0,60,202040,18.0702,5088020247
pos canibalizado,0,60,202039,-11.4129,5088020247
unknown,0,60,202038,-3.8042999999999996,5088020247
canibalizado,0,60,202036,-38.0424,5088020247
canibalizador,0,60,202035,49.4553,5088020247
pos canibalizado,0,60,202034,-50.4063,5088020247
pos canibalizador,0,60,202033,40.8957,5088020247
pos canibalizador,0,58,202031,3.8043,5090425387
unknown,0,58,202041,0.0,5090425387
unknown,0,58,202037,0.0,5090425387
unknown,0,58,202040,0.0,5090425387
unknown,0,58,202039,0.0,5090425387
unknown,0,58,202038,0.0,5090425387
unknown,0,58,202036,0.0,5090425387
canibalizado1,0,58,202035,-13.3149,5090425387
unknown,0,58,202034,13.3149,5090425387
unknown,0,58,202033,0.0,5090425387
unknown,0,58,202031,26.6298,4987953067
unknown,0,58,202041,0.0,4987953067
unknown,0,58,202037,-17.5626,4987953067
unknown,0,58,202040,9.256799999999998,4987953067
unknown,0,58,202039,3.8043000000000013,4987953067
unknown,0,58,202038,-12.110100000000003,4987953067
pos canibalizado,0,58,202036,-1.6481999999999957,4987953067
unknown,0,58,202035,5.452499999999999,4987953067
canibalizado,0,58,202034,-39.1832999999997,4987953067
unknown,0,58,202033,38.92949999999969,4987953067
unknown,0,56,202031,0.0,5089558717
unknown,0,56,202041,0.0,5089558717
unknown,0,56,202037,-27.009,5089558717
unknown,0,56,202040,23.2047,5089558717
unknown,0,56,202039,-14.455499999999999,5089558717
unknown,0,56,202038,18.2598,5089558717
pos canibalizado,0,56,202036,-4.7553,5089558717
canibalizador,0,56,202035,4.7553,5089558717
unknown,0,56,202034,0.0,5089558717
unknown,0,56,202033,0.0,5089558717
unknown,0,52,202031,0.0,5087991537
pos canibalizado,0,52,202041,-37.5984,5087991537
pos canibalizador,0,52,202037,37.5984,5087991537
pos canibalizado,0,52,202040,-77.0994,5087991537
pos canibalizador,0,52,202039,77.0994,5087991537
canibalizado,0,52,202038,-25.6788,5087991537
pos canibalizador,0,52,202036,20.923499999999997,5087991537
unknown,0,52,202035,-13.3149,5087991537
pos canibalizado,0,52,202034,-16.1682,5087991537
unknown,0,52,202033,8.5596,5087991537
unknown,0,51,202031,0.0,5090594347
unknown,0,51,202041,0.0,5090594347
unknown,0,51,202037,0.0,5090594347
unknown,0,51,202040,0.0,5090594347
unknown,0,51,202039,0.0,5090594347
unknown,0,51,202038,-4.5015,5090594347
unknown,0,51,202036,0.6972,5090594347
canibalizador1,0,51,202035,3.8043,5090594347
unknown,0,51,202034,0.0,5090594347
unknown,0,51,202033,0.0,5090594347
unknown,0,51,202031,3.8043,5090283407
unknown,0,51,202041,-3.8043,5090283407
canibalizado1,0,51,202037,-4.501500000000002,5090283407
canibalizador,0,51,202040,8.305800000000001,5090283407
unknown,0,51,202039,0.0,5090283407
unknown,0,51,202038,-9.5232,5090283407
canibalizador1,0,51,202036,9.5232,5090283407
canibalizado1,0,51,202035,-5.7188999999999695,5090283407
unknown,0,51,202034,-3.107100000000031,5090283407
unknown,0,51,202033,3.107100000000031,5090283407
unknown,0,51,202031,-26.642400000000002,4987586967
unknown,0,51,202041,21.887100000000004,4987586967
canibalizador1,0,51,202037,4.7553,4987586967
unknown,0,51,202040,-13.0611,4987586967
unknown,0,51,202039,3.5504999999999995,4987586967
unknown,0,51,202038,-11.4129,4987586967
unknown,0,51,202036,-1.902000000000001,4987586967
unknown,0,51,202035,1.902000000000001,4987586967
unknown,0,51,202034,-1.0130318999999695,4987586967
unknown,0,51,202033,-5.92326810000003,4987586967
unknown,0,49,202031,-0.9510000000000005,4987703407
unknown,0,49,202041,3.8042999999999996,4987703407
pos canibalizador,0,49,202037,9.5106,4987703407
pos canibalizado,0,49,202040,-17.816399999999998,4987703407
unknown,0,49,202039,4.755299999999998,4987703407
canibalizador,0,49,202038,13.0611,4987703407
unknown,0,49,202036,-8.5596,4987703407
unknown,0,49,202035,4.0581,4987703407
unknown,0,49,202034,-13.5687,4987703407
unknown,0,49,202033,0.2538000000000018,4987703407
unknown,0,48,202031,0.0,5088695527
unknown,0,48,202041,-12.3639,5088695527
unknown,0,48,202037,7.862399999999999,5088695527
unknown,0,48,202040,4.5015,5088695527
pos canibalizado,0,48,202039,-114.1275,5088695527
canibalizador,0,48,202038,75.13380000000001,5088695527
pos canibalizador,0,48,202036,35.1894,5088695527
unknown,0,48,202035,-7.608600000000001,5088695527
pos canibalizado,0,48,202034,-25.234499999999997,5088695527
pos canibalizador,0,48,202033,24.030299999999997,5088695527
canibalizado1,0,47,202031,-9.003,4987588727
canibalizador1,0,47,202041,9.003,4987588727
unknown,0,47,202037,0.0,4987588727
unknown,0,47,202040,-3.8043,4987588727
unknown,0,47,202039,3.8043,4987588727
unknown,0,47,202038,-12.3639,4987588727
unknown,0,47,202036,8.5596,4987588727
unknown,0,47,202035,-11.4129,4987588727
unknown,0,47,202034,15.2172,4987588727
unknown,0,47,202033,-71.3295,4987588727
pos canibalizado,0,44,202031,-45.651,4991634357
pos canibalizado,0,44,202041,-19.0212,4991634357
canibalizador,0,44,202037,64.6722,4991634357
unknown,0,44,202040,-4.5015,4991634357
pos canibalizado,0,44,202039,-14.5197,4991634357
pos canibalizador,0,44,202038,6.911100000000001,4991634357
canibalizado,0,44,202036,-31.638900000000003,4991634357
unknown,0,44,202035,4.755300000000005,4991634357
pos canibalizador,0,44,202034,35.1894,4991634357
unknown,0,44,202033,-8.3058,4991634357
pos canibalizador,0,44,202031,8.305800000000001,4987722797
unknown,0,44,202041,0.0,4987722797
canibalizado,0,44,202037,-16.8654,4987722797
unknown,0,44,202040,3.5505000000000013,4987722797
unknown,0,44,202039,0.2538,4987722797
pos canibalizado,0,44,202038,-17.119200000000003,4987722797
pos canibalizador,0,44,202036,17.119200000000003,4987722797
unknown,0,44,202035,4.5015,4987722797
unknown,0,44,202034,-8.305800000000001,4987722797
unknown,0,44,202033,7.354800000000001,4987722797
unknown,0,44,202031,0.0,4987721637
unknown,0,44,202041,0.0,4987721637
unknown,0,44,202037,0.0,4987721637
unknown,0,44,202040,0.0,4987721637
unknown,0,44,202039,0.0,4987721637
unknown,0,44,202038,0.0,4987721637
unknown,0,44,202036,0.0,4987721637
unknown,0,44,202035,0.0,4987721637
unknown,0,44,202034,0.0,4987721637
canibalizado,0,44,202033,-17.1192,4987721637
unknown,0,44,202031,0.0,4987718487
unknown,0,44,202041,-4.501500000000002,4987718487
unknown,0,44,202037,4.501500000000002,4987718487
pos canibalizado,0,44,202040,-12.807299999999968,4987718487
canibalizador,0,44,202039,12.807299999999968,4987718487
unknown,0,44,202038,-3.8043,4987718487
unknown,0,44,202036,-0.6972000000000014,4987718487
unknown,0,44,202035,-3.804299999999998,4987718487
unknown,0,44,202034,7.608599999999999,4987718487
unknown,0,44,202033,-7.608599999999999,4987718487
canibalizador,0,43,202031,14.012099999999998,5089354707
unknown,0,43,202041,-5.706300000000001,5089354707
unknown,0,43,202037,4.7553,5089354707
unknown,0,43,202040,4.7553,5089354707
pos canibalizado,0,43,202039,-3.8043,5089354707
unknown,0,43,202038,0.0,5089354707
unknown,0,43,202036,-4.501500000000002,5089354707
unknown,0,43,202035,-4.755299999999998,5089354707
unknown,0,43,202034,8.5596,5089354707
unknown,0,43,202033,-4.0581,5089354707
unknown,0,43,202031,9.003,5087979257
canibalizado1,0,43,202041,-9.003,5087979257
unknown,0,43,202037,9.003,5087979257
pos canibalizado,0,43,202040,-9.003,5087979257
unknown,0,43,202039,0.0,5087979257
unknown,0,43,202038,0.0,5087979257
unknown,0,43,202036,9.003,5087979257
canibalizado,0,43,202035,-18.006,5087979257
unknown,0,43,202034,9.003,5087979257
unknown,0,43,202033,9.003,5087979257
unknown,0,43,202031,-4.5015,5087979237
unknown,0,43,202041,4.5015,5087979237
unknown,0,43,202037,0.0,5087979237
canibalizador,0,43,202040,9.003,5087979237
unknown,0,43,202039,0.0,5087979237
pos canibalizado,0,43,202038,-13.5045,5087979237
unknown,0,43,202036,4.5015,5087979237
unknown,0,43,202035,9.003,5087979237
pos canibalizado,0,43,202034,-13.5045,5087979237
unknown,0,43,202033,4.5015,5087979237
unknown,0,43,202031,3.8042999999999996,4987591357
canibalizador1,0,43,202041,8.5596,4987591357
unknown,0,43,202037,-3.8043,4987591357
pos canibalizado,0,43,202040,-8.5596,4987591357
pos canibalizador,0,43,202039,12.3639,4987591357
unknown,0,43,202038,-16.8654,4987591357
unknown,0,43,202036,13.061100000000001,4987591357
unknown,0,43,202035,-13.3149,4987591357
unknown,0,43,202034,4.7553,4987591357
unknown,0,43,202033,4.755299999999999,4987591357
unknown,0,43,202031,-0.2538,4987561847
unknown,0,43,202041,4.7553,4987561847
canibalizado,0,43,202037,-7.6086,4987561847
unknown,0,43,202040,3.1071,4987561847
pos canibalizado,0,43,202039,-3.8043000000000013,4987561847
canibalizador,0,43,202038,8.305800000000001,4987561847
unknown,0,43,202036,-3.8043,4987561847
unknown,0,43,202035,-3.8043,4987561847
unknown,0,43,202034,7.6086,4987561847
unknown,0,43,202033,-3.8043,4987561847
unknown,0,42,202031,-7.6086,5088022717
canibalizador,0,42,202041,7.6086,5088022717
unknown,0,42,202037,-3.8043,5088022717
pos canibalizador,0,42,202040,3.8043,5088022717
unknown,0,42,202039,0.0,5088022717
unknown,0,42,202038,0.0,5088022717
unknown,0,42,202036,0.0,5088022717
unknown,0,42,202035,0.0,5088022717
unknown,0,42,202034,0.0,5088022717
unknown,0,42,202033,0.0,5088022717
unknown,0,42,202031,0.0,4987745247
unknown,0,42,202041,-3.8043,4987745247
unknown,0,42,202037,3.8043,4987745247
unknown,0,42,202040,0.0,4987745247
unknown,0,42,202039,0.0,4987745247
unknown,0,42,202038,-13.0611,4987745247
unknown,0,42,202036,13.0611,4987745247
unknown,0,42,202035,-9.5106,4987745247
unknown,0,42,202034,9.5106,4987745247
canibalizado,0,42,202033,-7.6086,4987745247
unknown,0,42,202031,0.0,4987736547
unknown,0,42,202041,0.0,4987736547
unknown,0,42,202037,0.0,4987736547
canibalizado,0,42,202040,-3.8043,4987736547
unknown,0,42,202039,-0.9510000000000001,4987736547
unknown,0,42,202038,0.9510000000000001,4987736547
unknown,0,42,202036,3.8043,4987736547
unknown,0,42,202035,0.0,4987736547
unknown,0,42,202034,-3.8043,4987736547
unknown,0,42,202033,3.8043,4987736547
unknown,0,38,202031,-8.5596,5089497377
unknown,0,38,202041,-3.5504999999999995,5089497377
pos canibalizador,0,38,202037,12.1101,5089497377
unknown,0,38,202040,-3.8043,5089497377
unknown,0,38,202039,3.8043,5089497377
pos canibalizado,0,38,202038,-35.1894,5089497377
canibalizador,0,38,202036,21.874499999999998,5089497377
unknown,0,38,202035,-2.853299999999999,5089497377
unknown,0,38,202034,8.5596,5089497377
pos canibalizado,0,38,202033,-18.0702,5089497377
canibalizador,0,37,202031,28.5318,4987852187
unknown,0,37,202041,-33.287099999999995,4987852187
unknown,0,37,202037,35.189099999999996,4987852187
unknown,0,37,202040,0.0,4987852187
pos canibalizado,0,37,202039,-51.8643,4987852187
unknown,0,37,202038,24.283500000000004,4987852187
unknown,0,37,202036,13.314899999999998,4987852187
pos canibalizado,0,37,202035,-47.108999999999995,4987852187
pos canibalizador,0,37,202034,38.993399999999994,4987852187
unknown,0,37,202033,2.4093000000000018,4987852187
pos canibalizado,0,36,202031,-3.8043,5091038397
pos canibalizador,0,36,202041,3.8043,5091038397
pos canibalizado,0,36,202037,-21.8745,5091038397
canibalizador,0,36,202040,21.8745,5091038397
unknown,0,36,202039,-3.8043,5091038397
unknown,0,36,202038,-3.8043,5091038397
pos canibalizado,0,36,202036,-9.5106,5091038397
unknown,0,36,202035,4.7553,5091038397
unknown,0,36,202034,0.0,5091038397
unknown,0,36,202033,4.755299999999999,5091038397
pos canibalizado,0,36,202031,-15.2169,5088018737
pos canibalizador,0,36,202041,9.5106,5088018737
canibalizador,0,36,202037,19.0212,5088018737
pos canibalizado,0,36,202040,-13.3149,5088018737
unknown,0,36,202039,0.0,5088018737
pos canibalizado,0,36,202038,-21.874499999999998,5088018737
pos canibalizador,0,36,202036,35.1894,5088018737
pos canibalizado,0,36,202035,-52.3086,5088018737
pos canibalizador,0,36,202034,52.3086,5088018737
pos canibalizado,0,36,202033,-18.0702,5088018737
pos canibalizado,0,36,202031,-21.62069999999997,4987749207
pos canibalizador,0,36,202041,12.11009999999997,4987749207
unknown,0,36,202037,9.5106,4987749207
pos canibalizado,0,36,202040,-17.1192,4987749207
canibalizador,0,36,202039,17.1192,4987749207
pos canibalizado,0,36,202038,-19.0215,4987749207
pos canibalizador,0,36,202036,11.4129,4987749207
unknown,0,36,202035,-9.5106,4987749207
pos canibalizador,0,36,202034,17.1192,4987749207
unknown,0,36,202033,-3.8043,4987749207
pos canibalizador,0,36,202031,8.5596,4987709457
pos canibalizado,0,36,202041,-3.8043,4987709457
unknown,0,36,202037,0.0,4987709457
unknown,0,36,202040,3.8043,4987709457
unknown,0,36,202039,-13.0611,4987709457
canibalizador,0,36,202038,9.2568,4987709457
unknown,0,36,202036,-0.9510000000000001,4987709457
unknown,0,36,202035,0.9510000000000001,4987709457
unknown,0,36,202034,0.0,4987709457
unknown,0,36,202033,-4.501500000000002,4987709457
unknown,0,35,202031,0.0,5091614617
unknown,0,35,202041,0.0,5091614617
unknown,0,35,202037,0.0,5091614617
unknown,0,35,202040,0.0,5091614617
unknown,0,35,202039,0.0,5091614617
unknown,0,35,202038,0.0,5091614617
unknown,0,35,202036,0.0,5091614617
unknown,0,35,202035,0.0,5091614617
pos canibalizado,0,35,202034,-6.087,5091614617
canibalizador,0,35,202033,6.087,5091614617
unknown,0,35,202031,0.0,5090159247
unknown,0,35,202041,0.0,5090159247
unknown,0,35,202037,0.0,5090159247
canibalizado,0,35,202040,-1.2174,5090159247
canibalizador,0,35,202039,1.2174,5090159247
unknown,0,35,202038,0.0,5090159247
unknown,0,35,202036,0.0,5090159247
unknown,0,35,202035,0.0,5090159247
unknown,0,35,202034,0.0,5090159247
unknown,0,35,202033,0.0,5090159247
pos canibalizador,0,34,202031,22.8258,5087974657
unknown,0,34,202041,-3.804299999999998,5087974657
pos canibalizador,0,34,202037,20.923199999999998,5087974657
pos canibalizado,0,34,202040,-26.376,5087974657
pos canibalizador,0,34,202039,23.77650000000003,5087974657
pos canibalizado,0,34,202038,-38.29620000000003,5087974657
unknown,0,34,202036,19.0212,5087974657
canibalizado,0,34,202035,-34.2381,5087974657
pos canibalizador,0,34,202034,21.177,5087974657
unknown,0,34,202033,6.403800000000011,5087974657
pos canibalizado,0,34,202031,-16.1682,4987715067
unknown,0,34,202041,4.755299999999998,4987715067
canibalizado,0,34,202037,-17.119199999999996,4987715067
unknown,0,34,202040,6.657599999999995,4987715067
unknown,0,34,202039,-15.2171999999997,4987715067
pos canibalizado,0,34,202038,-26.376000000000303,4987715067
pos canibalizador,0,34,202036,33.98460000000001,4987715067
unknown,0,34,202035,-14.963099999999699,4987715067
pos canibalizador,0,34,202034,24.473699999999695,4987715067
pos canibalizado,0,34,202033,-34.23839999999971,4987715067
pos canibalizado,0,34,202031,-16.167900000000003,4987685637
pos canibalizado,0,34,202041,-38.993700000000004,4987685637
unknown,0,34,202037,13.314900000000009,4987685637
unknown,0,34,202040,15.216599999999993,4987685637
unknown,0,34,202039,-13.060499999999998,4987685637
unknown,0,34,202038,-13.569000000000003,4987685637
canibalizado,0,34,202036,-16.167900000000003,4987685637
pos canibalizador,0,34,202035,24.030299999999997,4987685637
unknown,0,34,202034,-12.6177,4987685637
unknown,0,34,202033,17.119200000000006,4987685637
unknown,0,32,202031,0.0,5088045727
unknown,0,32,202041,0.0,5088045727
unknown,0,32,202037,0.0,5088045727
canibalizado,0,32,202040,-8.305800000000001,5088045727
pos canibalizador,0,32,202039,8.305800000000001,5088045727
unknown,0,32,202038,0.0,5088045727
unknown,0,32,202036,0.0,5088045727
unknown,0,32,202035,0.0,5088045727
unknown,0,32,202034,0.0,5088045727
unknown,0,32,202033,0.0,5088045727
unknown,0,32,202031,-17.1192,4987957597
pos canibalizador,0,32,202041,9.5106,4987957597
pos canibalizado,0,32,202037,-14.963099999999997,4987957597
unknown,0,32,202040,4.755299999999998,4987957597
pos canibalizador,0,32,202039,0.5076,4987957597
unknown,0,32,202038,-4.311899999999998,4987957597
unknown,0,32,202036,0.6971999999999987,4987957597
pos canibalizado,0,32,202035,-6.403499999999699,4987957597
canibalizador,0,32,202034,11.4125999999997,4987957597
unknown,0,32,202033,-0.9510000000000005,4987957597
unknown,0,32,202031,-61.819500000000005,4987957357
pos canibalizador,0,32,202041,19.021500000000003,4987957357
canibalizador,0,32,202037,38.2965,4987957357
unknown,0,32,202040,4.5015,4987957357
unknown,0,32,202039,0.0,4987957357
unknown,0,32,202038,-23.776500000000002,4987957357
unknown,0,32,202036,4.755000000000003,4987957357
pos canibalizador,0,32,202035,3.107099999999999,4987957357
canibalizado,0,32,202034,-7.862100000000002,4987957357
unknown,0,32,202033,4.755000000000003,4987957357
canibalizador,0,32,202031,12.363899999999997,4987951947
pos canibalizado,0,32,202041,-4.755299999999998,4987951947
unknown,0,32,202037,0.0,4987951947
unknown,0,32,202040,9.2568,4987951947
pos canibalizado,0,32,202039,-13.314899999999971,4987951947
unknown,0,32,202038,-16.61160000000003,4987951947
unknown,0,32,202036,3.5504999999999995,4987951947
pos canibalizador,0,32,202035,3.804300000000005,4987951947
unknown,0,32,202034,-4.058100000000003,4987951947
unknown,0,32,202033,5.009100000000004,4987951947
pos canibalizado,0,31,202031,-12.3639,5091160947
pos canibalizador,0,31,202041,12.3639,5091160947
unknown,0,31,202037,-4.7553,5091160947
unknown,0,31,202040,0.9510000000000001,5091160947
unknown,0,31,202039,3.8043,5091160947
pos canibalizado,0,31,202038,-21.8745,5091160947
pos canibalizador,0,31,202036,21.8745,5091160947
canibalizado1,0,31,202035,-12.3639,5091160947
unknown,0,31,202034,8.5596,5091160947
unknown,0,31,202033,3.8043,5091160947
unknown,0,31,202031,-3.8043,5090438767
pos canibalizador,0,31,202041,3.8043,5090438767
unknown,0,31,202037,0.0,5090438767
unknown,0,31,202040,0.0,5090438767
unknown,0,31,202039,-3.8043,5090438767
unknown,0,31,202038,-8.3058,5090438767
unknown,0,31,202036,8.3058,5090438767
unknown,0,31,202035,3.8043,5090438767
canibalizado1,0,31,202034,-12.8073,5090438767
unknown,0,31,202033,9.003,5090438767
unknown,0,31,202031,0.0,5089658277
unknown,0,31,202041,0.0,5089658277
unknown,0,31,202037,-3.8043,5089658277
unknown,0,31,202040,3.8043,5089658277
canibalizado,0,31,202039,-8.305800000000001,5089658277
pos canibalizador,0,31,202038,8.305800000000001,5089658277
unknown,0,31,202036,-3.8043,5089658277
unknown,0,31,202035,-0.6972,5089658277
unknown,0,31,202034,0.6972,5089658277
unknown,0,31,202033,3.8043,5089658277
unknown,0,31,202031,0.0,5089214307
unknown,0,31,202041,0.0,5089214307
unknown,0,31,202037,-3.8043,5089214307
unknown,0,31,202040,3.8043,5089214307
unknown,0,31,202039,-3.8043,5089214307
unknown,0,31,202038,-4.501500000000002,5089214307
unknown,0,31,202036,4.501500000000002,5089214307
unknown,0,31,202035,-5.452500000000001,5089214307
canibalizador1,0,31,202034,9.2568,5089214307
pos canibalizado,0,31,202033,-12.1101,5089214307
unknown,0,31,202031,0.0,5088801467
unknown,0,31,202041,0.0,5088801467
unknown,0,31,202037,0.0,5088801467
unknown,0,31,202040,-3.8043,5088801467
unknown,0,31,202039,3.8043,5088801467
unknown,0,31,202038,0.0,5088801467
unknown,0,31,202036,-13.0611,5088801467
canibalizador1,0,31,202035,9.2568,5088801467
unknown,0,31,202034,3.8043,5088801467
unknown,0,31,202033,0.0,5088801467
pos canibalizado,0,31,202031,-12.1101,4987626977
pos canibalizado,0,31,202041,-4.0581,4987626977
pos canibalizador,0,31,202037,11.666699999999999,4987626977
pos canibalizado,0,31,202040,-11.666699999999999,4987626977
pos canibalizador,0,31,202039,11.666699999999999,4987626977
unknown,0,31,202038,0.0,4987626977
unknown,0,31,202036,-6.9114,4987626977
unknown,0,31,202035,-5.70629999999997,4987626977
unknown,0,31,202034,0.2537999999999698,4987626977
canibalizador,0,31,202033,13.061100000000001,4987626977
unknown,0,29,202031,4.501499999999999,5089079837
unknown,0,29,202041,7.6086,5089079837
unknown,0,29,202037,-3.8043,5089079837
unknown,0,29,202040,0.0,5089079837
unknown,0,29,202039,3.8043,5089079837
unknown,0,29,202038,-8.305800000000001,5089079837
unknown,0,29,202036,4.501500000000002,5089079837
unknown,0,29,202035,3.8043,5089079837
canibalizado,0,29,202034,-19.9725,5089079837
unknown,0,29,202033,12.363900000000001,5089079837
unknown,0,29,202031,0.2538000000000018,4987695467
unknown,0,29,202041,4.755299999999998,4987695467
unknown,0,29,202037,-5.0091,4987695467
unknown,0,29,202040,0.2538000000000018,4987695467
unknown,0,29,202039,5.706299999999999,4987695467
unknown,0,29,202038,-18.070200000000003,4987695467
unknown,0,29,202036,12.363900000000005,4987695467
pos canibalizado,0,29,202035,-16.6115999999997,4987695467
unknown,0,29,202034,3.0428999999996975,4987695467
canibalizador,0,29,202033,18.577800000000003,4987695467
unknown,0,28,202031,-57.5715,5090849807
pos canibalizador,0,28,202041,43.3056,5090849807
unknown,0,28,202037,6.6573,5090849807
unknown,0,28,202040,-59.979899999999994,5090849807
pos canibalizado,0,28,202039,-5.199600000000004,5090849807
canibalizador,0,28,202038,33.2874,5090849807
pos canibalizador,0,28,202036,20.479200000000002,5090849807
unknown,0,28,202035,-41.402699999999996,5090849807
unknown,0,28,202034,60.4242,5090849807
unknown,0,28,202033,0.0,5090849807
canibalizador,0,28,202031,18.3243,4987760297
unknown,0,28,202041,0.0,4987760297
unknown,0,28,202037,4.5015,4987760297
pos canibalizado,0,28,202040,-14.0121,4987760297
pos canibalizador,0,28,202039,14.0121,4987760297
pos canibalizado,0,28,202038,-26.6301,4987760297
pos canibalizador,0,28,202036,15.217199999999998,4987760297
pos canibalizador,0,28,202035,6.9114,4987760297
unknown,0,28,202034,4.5015,4987760297
canibalizado,0,28,202033,-27.3273,4987760297
unknown,0,28,202031,3.8042999999999996,4987732827
pos canibalizador,0,28,202041,8.5596,4987732827
canibalizado,0,28,202037,-12.1101,4987732827
unknown,0,28,202040,8.3058,4987732827
pos canibalizado,0,28,202039,-0.9510000000000001,4987732827
unknown,0,28,202038,0.0,4987732827
pos canibalizado,0,28,202036,-7.292843099999999,4987732827
unknown,0,28,202035,-0.31575690000000023,4987732827
unknown,0,28,202034,4.755299999999999,4987732827
unknown,0,28,202033,3.8043,4987732827
unknown,0,27,202031,0.0,5091580297
unknown,0,27,202041,0.0,5091580297
unknown,0,27,202037,0.0,5091580297
canibalizado,0,27,202040,-17.1192,5091580297
pos canibalizador,0,27,202039,17.1192,5091580297
unknown,0,27,202038,0.0,5091580297
unknown,0,27,202036,-4.7553,5091580297
unknown,0,27,202035,-3.8042999999999996,5091580297
unknown,0,27,202034,8.5596,5091580297
unknown,0,27,202033,0.0,5091580297
unknown,0,27,202031,0.9509999999999685,4987728807
pos canibalizado,0,27,202041,-19.021199999999997,4987728807
pos canibalizador,0,27,202037,40.8957,4987728807
unknown,0,27,202040,-13.3149,4987728807
unknown,0,27,202039,-9.51059999999997,4987728807
unknown,0,27,202038,-3.8043000000000298,4987728807
canibalizado,0,27,202036,-18.070199999999705,4987728807
pos canibalizador,0,27,202035,19.021199999999705,4987728807
unknown,0,27,202034,12.3639,4987728807
canibalizado,0,27,202033,-17.1192,4987728807
unknown,0,26,202031,-4.755299999999999,5090732787
pos canibalizador,0,26,202041,12.3639,5090732787
canibalizado,0,26,202037,-13.0611,5090732787
pos canibalizador,0,26,202040,9.2568,5090732787
unknown,0,26,202039,0.0,5090732787
unknown,0,26,202038,-9.2568,5090732787
unknown,0,26,202036,-2.853300000000001,5090732787
pos canibalizador,0,26,202035,8.305800000000001,5090732787
unknown,0,26,202034,-0.6972000000000014,5090732787
unknown,0,26,202033,-4.058099999999998,5090732787
unknown,0,26,202031,4.5015,5088087207
pos canibalizador,0,26,202041,4.5015,5088087207
unknown,0,26,202037,0.0,5088087207
unknown,0,26,202040,-4.5015,5088087207
pos canibalizado,0,26,202039,-0.2538,5088087207
unknown,0,26,202038,-8.5596,5088087207
unknown,0,26,202036,8.8134,5088087207
unknown,0,26,202035,-4.0581,5088087207
unknown,0,26,202034,-13.314900000000002,5088087207
canibalizador,0,26,202033,17.373,5088087207
unknown,0,26,202031,-4.058099999999998,4987904037
pos canibalizado,0,26,202041,-9.002999999999973,4987904037
pos canibalizador,0,26,202037,16.865399999999973,4987904037
unknown,0,26,202040,-7.862399999999999,4987904037
pos canibalizado,0,26,202039,-5.452499999999999,4987904037
unknown,0,26,202038,4.755299999999998,4987904037
pos canibalizado,0,26,202036,-8.305799999999973,4987904037
unknown,0,26,202035,-4.0581000000000245,4987904037
pos canibalizador,0,26,202034,21.620699999999996,4987904037
canibalizado,0,26,202033,-22.571699999999996,4987904037
pos canibalizador,0,25,202031,4.5015,4987567037
pos canibalizado,0,25,202041,-15.9144,4987567037
pos canibalizado,0,25,202037,-12.6177,4987567037
pos canibalizador,0,25,202040,7.608599999999999,4987567037
pos canibalizador,0,25,202039,20.9235,4987567037
pos canibalizado,0,25,202038,-19.0212,4987567037
canibalizado,0,25,202036,-27.5810999999997,4987567037
pos canibalizador,0,25,202035,16.1681999999997,4987567037
pos canibalizador,0,25,202034,22.8255,4987567037
pos canibalizado,0,25,202033,-21.8745,4987567037
unknown,0,24,202031,0.0,5091209147
unknown,0,24,202041,0.0,5091209147
canibalizado,0,24,202037,-8.5596,5091209147
canibalizador,0,24,202040,8.5596,5091209147
unknown,0,24,202039,0.0,5091209147
unknown,0,24,202038,0.0,5091209147
unknown,0,24,202036,-8.5596,5091209147
unknown,0,24,202035,-9.003,5091209147
canibalizador,0,24,202034,9.954,5091209147
unknown,0,24,202033,-4.501499999999999,5091209147
canibalizador1,0,24,202031,3.8043,5089778797
unknown,0,24,202041,-3.8043,5089778797
unknown,0,24,202037,3.8043,5089778797
unknown,0,24,202040,0.0,5089778797
unknown,0,24,202039,0.0,5089778797
unknown,0,24,202038,0.0,5089778797
unknown,0,24,202036,0.0,5089778797
unknown,0,24,202035,-3.8043,5089778797
unknown,0,24,202034,3.8043,5089778797
unknown,0,24,202033,0.0,5089778797
unknown,0,24,202031,-4.7553,4989338387
unknown,0,24,202041,8.5596,4989338387
unknown,0,24,202037,0.0,4989338387
canibalizado,0,24,202040,-13.3149,4989338387
unknown,0,24,202039,13.3149,4989338387
unknown,0,24,202038,0.0,4989338387
unknown,0,24,202036,-8.5596,4989338387
unknown,0,24,202035,-8.559599999999971,4989338387
unknown,0,24,202034,8.559599999999971,4989338387
unknown,0,24,202033,-4.5015,4989338387
canibalizado1,0,24,202031,-16.865399999999998,4987886287
unknown,0,24,202041,13.0611,4987886287
unknown,0,24,202037,0.0,4987886287
unknown,0,24,202040,-4.755299999999999,4987886287
unknown,0,24,202039,-0.6972000000000005,4987886287
unknown,0,24,202038,-2.853300000000001,4987886287
unknown,0,24,202036,-4.755299999999998,4987886287
pos canibalizador,0,24,202035,13.0611,4987886287
canibalizado,0,24,202034,-13.0611,4987886287
canibalizador,0,24,202033,8.3058,4987886287
unknown,0,24,202031,-3.8043,4987881907
unknown,0,24,202041,-3.8043000000000005,4987881907
unknown,0,24,202037,3.8043000000000005,4987881907
unknown,0,24,202040,0.0,4987881907
unknown,0,24,202039,3.8043,4987881907
canibalizador1,0,24,202038,3.8043,4987881907
unknown,0,24,202036,-4.5015,4987881907
unknown,0,24,202035,-3.1071,4987881907
unknown,0,24,202034,0.0,4987881907
unknown,0,24,202033,-0.6972000000000014,4987881907
unknown,0,24,202031,-7.608599999999999,4987881547
unknown,0,24,202041,12.110100000000001,4987881547
unknown,0,24,202037,3.8043,4987881547
unknown,0,24,202040,-3.8043,4987881547
unknown,0,24,202039,3.8043,4987881547
canibalizado1,0,24,202038,-8.305800000000001,4987881547
canibalizador1,0,24,202036,3.8043000000000013,4987881547
unknown,0,24,202035,0.6972,4987881547
unknown,0,24,202034,0.0,4987881547
unknown,0,24,202033,0.0,4987881547
unknown,0,22,202031,0.0,5091649487
unknown,0,22,202041,0.0,5091649487
pos canibalizado,0,22,202037,-8.5596,5091649487
unknown,0,22,202040,3.8042999999999996,5091649487
unknown,0,22,202039,-8.5596,5091649487
canibalizador,0,22,202038,13.3149,5091649487
unknown,0,22,202036,0.0,5091649487
unknown,0,22,202035,-3.8043,5091649487
unknown,0,22,202034,3.8043,5091649487
unknown,0,22,202033,0.0,5091649487
unknown,0,22,202031,-8.5596,4987867577
unknown,0,22,202041,0.0,4987867577
unknown,0,22,202037,4.7553,4987867577
unknown,0,22,202040,3.8043,4987867577
unknown,0,22,202039,-3.8043,4987867577
unknown,0,22,202038,0.0,4987867577
unknown,0,22,202036,0.0,4987867577
unknown,0,22,202035,-8.5596,4987867577
canibalizador1,0,22,202034,8.5596,4987867577
unknown,0,22,202033,-4.7553,4987867577
unknown,0,22,202031,-7.6086,4987865477
unknown,0,22,202041,7.6086,4987865477
unknown,0,22,202037,0.0,4987865477
unknown,0,22,202040,0.0,4987865477
canibalizado,0,22,202039,-13.0611,4987865477
unknown,0,22,202038,4.5015,4987865477
unknown,0,22,202036,4.7553,4987865477
unknown,0,22,202035,-4.7553,4987865477
unknown,0,22,202034,-3.8042999999999996,4987865477
unknown,0,22,202033,3.8042999999999996,4987865477
pos canibalizado,0,22,202031,-24.7278,4987862887
canibalizador,0,22,202041,17.1192,4987862887
pos canibalizado,0,22,202037,-18.5136,4987862887
pos canibalizador,0,22,202040,14.0121,4987862887
unknown,0,22,202039,0.6971999999999987,4987862887
unknown,0,22,202038,-39.690299999999695,4987862887
pos canibalizador,0,22,202036,27.580199999999696,4987862887
pos canibalizador,0,22,202035,7.7988,4987862887
canibalizado1,0,22,202034,-14.202300000000001,4987862887
unknown,0,22,202033,2.0922000000000303,4987862887
unknown,0,21,202031,-7.6086,5089896877
pos canibalizado,0,21,202041,-33.287099999999995,5089896877
canibalizador,0,21,202037,24.981299999999997,5089896877
pos canibalizador,0,21,202040,12.110100000000001,5089896877
unknown,0,21,202039,3.8043,5089896877
pos canibalizado,0,21,202038,-40.8957,5089896877
pos canibalizador,0,21,202036,23.7765,5089896877
unknown,0,21,202035,3.8042999999999996,5089896877
unknown,0,21,202034,-7.608600000000001,5089896877
pos canibalizador,0,21,202033,17.1192,5089896877
pos canibalizador,0,21,202031,12.363900000000001,5088749347
unknown,0,21,202041,4.7553,5088749347
unknown,0,21,202037,14.2659,5088749347
pos canibalizado,0,21,202040,-67.52550000000001,5088749347
pos canibalizador,0,21,202039,58.01490000000001,5088749347
pos canibalizado,0,21,202038,-30.434099999999997,5088749347
pos canibalizador,0,21,202036,31.829099999999997,5088749347
unknown,0,21,202035,4.311300000000001,5088749347
pos canibalizado,0,21,202034,-19.9722,5088749347
canibalizado,0,21,202033,-22.8255,5088749347
unknown,0,21,202031,0.0,5088076477
unknown,0,21,202041,0.0,5088076477
canibalizado,0,21,202037,-20.9235,5088076477
pos canibalizador,0,21,202040,20.9235,5088076477
unknown,0,21,202039,0.0,5088076477
unknown,0,21,202038,-58.0149,5088076477
pos canibalizador,0,21,202036,39.9447,5088076477
unknown,0,21,202035,9.764399999999998,5088076477
pos canibalizado,0,21,202034,-14.5197,5088076477
pos canibalizador,0,21,202033,15.216900000000003,5088076477
unknown,0,20,202031,-13.0611,5088021047
pos canibalizador,0,20,202041,13.0611,5088021047
pos canibalizado,0,20,202037,-11.4129,5088021047
unknown,0,20,202040,-1.9019999999999992,5088021047
unknown,0,20,202039,5.7063,5088021047
pos canibalizado,0,20,202038,-25.678800000000006,5088021047
unknown,0,20,202036,15.471000000000007,5088021047
unknown,0,20,202035,-6.9114,5088021047
canibalizador,0,20,202034,19.972499999999997,5088021047
unknown,0,20,202033,4.7553,5088021047
unknown,0,20,202031,0.0,5088018407
unknown,0,20,202041,0.0,5088018407
unknown,0,20,202037,0.0,5088018407
pos canibalizado,0,20,202040,-17.1192,5088018407
canibalizador,0,20,202039,17.1192,5088018407
unknown,0,20,202038,-18.0702,5088018407
unknown,0,20,202036,10.4616,5088018407
unknown,0,20,202035,-9.5106,5088018407
unknown,0,20,202034,13.3149,5088018407
unknown,0,20,202033,-9.5106,5088018407
unknown,0,20,202031,0.0,4987752057
unknown,0,20,202041,0.0,4987752057
unknown,0,20,202037,0.0,4987752057
unknown,0,20,202040,-4.5015,4987752057
unknown,0,20,202039,-12.61769999999997,4987752057
canibalizador,0,20,202038,13.314899999999971,4987752057
unknown,0,20,202036,-0.6972,4987752057
unknown,0,20,202035,-7.862399999999999,4987752057
unknown,0,20,202034,0.9509999999999987,4987752057
unknown,0,20,202033,11.4129,4987752057
pos canibalizado,0,20,202031,-34.9356,4987738577
pos canibalizador,0,20,202041,31.1313,4987738577
unknown,0,20,202037,-3.8043,4987738577
unknown,0,20,202040,7.6086,4987738577
unknown,0,20,202039,-8.5596,4987738577
unknown,0,20,202038,-13.314900000000002,4987738577
unknown,0,20,202036,-5.706299999999999,4987738577
canibalizador,0,20,202035,27.5808,4987738577
pos canibalizado,0,20,202034,-37.7889,4987738577
pos canibalizador,0,20,202033,33.9846,4987738577
pos canibalizado,0,20,202031,-23.7765,4987729807
pos canibalizador,0,20,202041,27.5808,4987729807
pos canibalizado,0,20,202037,-32.082300000000004,4987729807
pos canibalizador,0,20,202040,28.278000000000002,4987729807
canibalizado,0,20,202039,-27.5808,4987729807
pos canibalizado,0,20,202038,-59.4729,4987729807
pos canibalizador,0,20,202036,63.27720000000001,4987729807
unknown,0,20,202035,1.902000000000001,4987729807
pos canibalizado,0,20,202034,-37.7886,4987729807
pos canibalizador,0,20,202033,31.5753,4987729807
unknown,0,17,202031,0.0,5090311657
unknown,0,17,202041,0.0,5090311657
unknown,0,17,202037,0.0,5090311657
unknown,0,17,202040,0.0,5090311657
unknown,0,17,202039,0.0,5090311657
unknown,0,17,202038,-3.8043,5090311657
unknown,0,17,202036,3.8043,5090311657
unknown,0,17,202035,-17.1192,5090311657
canibalizador,0,17,202034,17.1192,5090311657
unknown,0,17,202033,0.0,5090311657
unknown,0,17,202031,0.0,4987632977
unknown,0,17,202041,3.8043,4987632977
unknown,0,17,202037,-3.8043,4987632977
unknown,0,17,202040,-4.7553,4987632977
unknown,0,17,202039,4.7553,4987632977
canibalizado1,0,17,202038,-12.3639,4987632977
unknown,0,17,202036,12.3639,4987632977
unknown,0,17,202035,-3.8043,4987632977
unknown,0,17,202034,0.0,4987632977
unknown,0,17,202033,3.8043,4987632977
unknown,0,17,202031,0.0,4987616417
unknown,0,17,202041,-3.8043,4987616417
unknown,0,17,202037,0.0,4987616417
canibalizador,0,17,202040,3.8043,4987616417
unknown,0,17,202039,-3.8043,4987616417
unknown,0,17,202038,3.8043,4987616417
unknown,0,17,202036,0.0,4987616417
unknown,0,17,202035,0.0,4987616417
unknown,0,17,202034,0.0,4987616417
unknown,0,17,202033,-3.8043,4987616417
unknown,0,17,202031,0.0,4987616237
unknown,0,17,202041,0.0,4987616237
unknown,0,17,202037,-3.8043,4987616237
unknown,0,17,202040,0.0,4987616237
unknown,0,17,202039,-3.8043,4987616237
canibalizador1,0,17,202038,7.6086,4987616237
unknown,0,17,202036,0.0,4987616237
unknown,0,17,202035,-3.8043,4987616237
unknown,0,17,202034,0.0,4987616237
unknown,0,17,202033,0.0,4987616237
unknown,0,17,202031,-16.611600000000003,4987608467
unknown,0,17,202041,8.305800000000001,4987608467
unknown,0,17,202037,8.305800000000001,4987608467
unknown,0,17,202040,0.0,4987608467
unknown,0,17,202039,0.0,4987608467
canibalizado1,0,17,202038,-12.3639,4987608467
unknown,0,17,202036,-0.44340000000000046,4987608467
canibalizador,0,17,202035,9.003,4987608467
canibalizado,0,17,202034,-13.7583,4987608467
unknown,0,17,202033,13.7583,4987608467
pos canibalizado,0,16,202031,-10.715399999999995,4987720887
unknown,0,16,202041,5.706299999999999,4987720887
pos canibalizador,0,16,202037,13.31490000000003,4987720887
unknown,0,16,202040,0.9509999999999685,4987720887
canibalizado,0,16,202039,-19.972199999999997,4987720887
pos canibalizado,0,16,202038,-25.424999999999997,4987720887
pos canibalizador,0,16,202036,30.180299999999995,4987720887
pos canibalizador,0,16,202035,29.4828,4987720887
pos canibalizado,0,16,202034,-64.6722,4987720887
unknown,0,16,202033,17.1192,4987720887
pos canibalizador,0,16,202031,6.911100000000001,4987711357
unknown,0,16,202041,-3.107100000000001,4987711357
pos canibalizador,0,16,202037,10.7157,4987711357
pos canibalizado,0,16,202040,-38.2965,4987711357
pos canibalizador,0,16,202039,35.1894,4987711357
unknown,0,16,202038,0.0,4987711357
pos canibalizado,0,16,202036,-28.278000000000002,4987711357
pos canibalizador,0,16,202035,16.8654,4987711357
pos canibalizado,0,16,202034,-46.6026,4987711357
canibalizador,0,16,202033,61.1223,4987711357
unknown,0,13,202031,0.0,4988363817
unknown,0,13,202041,0.0,4988363817
unknown,0,13,202037,0.0,4988363817
unknown,0,13,202040,0.0,4988363817
unknown,0,13,202039,0.0,4988363817
unknown,0,13,202038,0.0,4988363817
unknown,0,13,202036,0.0,4988363817
unknown,0,13,202035,-3.8043,4988363817
canibalizador1,0,13,202034,3.8043,4988363817
unknown,0,13,202033,0.0,4988363817
unknown,0,13,202031,9.5106,4987643677
unknown,0,13,202041,-3.8043,4987643677
unknown,0,13,202037,-4.501500000000002,4987643677
unknown,0,13,202040,-3.804299999999998,4987643677
unknown,0,13,202039,12.1101,4987643677
unknown,0,13,202038,-8.305800000000001,4987643677
unknown,0,13,202036,4.501500000000002,4987643677
canibalizado1,0,13,202035,-4.501500000000002,4987643677
unknown,0,13,202034,0.6972000000000014,4987643677
canibalizador1,0,13,202033,3.8043,4987643677
unknown,0,13,202031,0.0,4987640777
unknown,0,13,202041,0.0,4987640777
unknown,0,13,202037,-3.8043,4987640777
canibalizador1,0,13,202040,3.8043,4987640777
unknown,0,13,202039,0.0,4987640777
unknown,0,13,202038,0.0,4987640777
unknown,0,13,202036,-3.8043,4987640777
unknown,0,13,202035,3.8043,4987640777
canibalizado1,0,13,202034,-3.8043,4987640777
canibalizador1,0,13,202033,3.8043,4987640777
unknown,0,13,202031,0.0,4987615787
unknown,0,13,202041,0.0,4987615787
unknown,0,13,202037,0.0,4987615787
canibalizado1,0,13,202040,-8.5596,4987615787
unknown,0,13,202039,0.0,4987615787
unknown,0,13,202038,0.0,4987615787
unknown,0,13,202036,3.8042999999999996,4987615787
canibalizador1,0,13,202035,4.7553,4987615787
canibalizado1,0,13,202034,-3.8043,4987615787
canibalizado1,0,13,202033,-4.7553,4987615787
canibalizador,0,9,202031,3.8043,5090648907
unknown,0,9,202041,0.0,5090648907
unknown,0,9,202037,0.0,5090648907
unknown,0,9,202040,0.0,5090648907
unknown,0,9,202039,-25.9452,5090648907
canibalizador,0,9,202038,14.5323,5090648907
unknown,0,9,202036,3.8043000000000005,5090648907
unknown,0,9,202035,7.6086,5090648907
unknown,0,9,202034,-3.8043,5090648907
canibalizado1,0,9,202033,-13.3149,5090648907
unknown,0,9,202031,0.0,4987628357
pos canibalizado,0,9,202041,-3.8043,4987628357
pos canibalizado,0,9,202037,-3.8043,4987628357
unknown,0,9,202040,3.8043,4987628357
unknown,0,9,202039,0.0,4987628357
unknown,0,9,202038,0.0,4987628357
unknown,0,9,202036,3.8043,4987628357
unknown,0,9,202035,-7.6086,4987628357
unknown,0,9,202034,3.8043,4987628357
canibalizador1,0,9,202033,3.8043,4987628357
unknown,0,8,202031,0.0,5088106577
unknown,0,8,202041,0.0,5088106577
unknown,0,8,202037,0.0,5088106577
unknown,0,8,202040,0.0,5088106577
unknown,0,8,202039,0.0,5088106577
unknown,0,8,202038,-4.5015,5088106577
canibalizador1,0,8,202036,4.5015,5088106577
unknown,0,8,202035,0.0,5088106577
unknown,0,8,202034,0.0,5088106577
unknown,0,8,202033,0.0,5088106577
unknown,0,8,202031,-4.5015,5088106467
unknown,0,8,202041,4.5015,5088106467
unknown,0,8,202037,0.0,5088106467
unknown,0,8,202040,0.0,5088106467
unknown,0,8,202039,0.0,5088106467
unknown,0,8,202038,0.0,5088106467
unknown,0,8,202036,-9.003,5088106467
unknown,0,8,202035,9.003,5088106467
canibalizado,0,8,202034,-22.5075,5088106467
canibalizador,0,8,202033,22.5075,5088106467
unknown,0,8,202031,0.0,5088104647
unknown,0,8,202041,0.0,5088104647
pos canibalizado,0,8,202037,-4.5015,5088104647
canibalizador,0,8,202040,4.5015,5088104647
unknown,0,8,202039,0.0,5088104647
unknown,0,8,202038,0.0,5088104647
unknown,0,8,202036,0.0,5088104647
unknown,0,8,202035,0.0,5088104647
unknown,0,8,202034,0.0,5088104647
unknown,0,8,202033,0.0,5088104647
unknown,0,8,202031,0.0,4987731147
unknown,0,8,202041,0.0,4987731147
unknown,0,8,202037,0.0,4987731147
unknown,0,8,202040,0.0,4987731147
unknown,0,8,202039,0.0,4987731147
unknown,0,8,202038,-4.5015,4987731147
canibalizador1,0,8,202036,4.5015,4987731147
unknown,0,8,202035,0.0,4987731147
unknown,0,8,202034,0.0,4987731147
unknown,0,8,202033,-4.5015,4987731147
unknown,0,8,202031,0.0,4987694277
unknown,0,8,202041,0.0,4987694277
unknown,0,8,202037,0.0,4987694277
unknown,0,8,202040,0.0,4987694277
unknown,0,8,202039,0.0,4987694277
unknown,0,8,202038,-4.5015,4987694277
canibalizador1,0,8,202036,4.5015,4987694277
unknown,0,8,202035,0.0,4987694277
unknown,0,8,202034,0.0,4987694277
unknown,0,8,202033,-4.5015,4987694277
unknown,0,8,202031,0.0,4987594947
pos canibalizado,0,8,202041,-4.7553,4987594947
canibalizador,0,8,202037,4.7553,4987594947
unknown,0,8,202040,-4.7553,4987594947
unknown,0,8,202039,8.5596,4987594947
unknown,0,8,202038,-4.5015,4987594947
canibalizado1,0,8,202036,-12.6177,4987594947
unknown,0,8,202035,8.5596,4987594947
pos canibalizador,0,8,202034,0.25379999999999825,4987594947
unknown,0,8,202033,-0.25379999999999825,4987594947
unknown,0,8,202031,0.0,4987592997
pos canibalizado,0,8,202041,-7.6086,4987592997
pos canibalizado,0,8,202037,-0.6972000000000014,4987592997
unknown,0,8,202040,-13.5687,4987592997
unknown,0,8,202039,21.8745,4987592997
unknown,0,8,202038,-18.5136,4987592997
unknown,0,8,202036,-10.0185,4987592997
unknown,0,8,202035,11.920499999999997,4987592997
pos canibalizador,0,8,202034,16.611600000000003,4987592997
canibalizado,0,8,202033,-12.1101,4987592997
unknown,0,7,202031,3.8043,5088093967
unknown,0,7,202041,0.0,5088093967
pos canibalizado,0,7,202037,-3.8043,5088093967
unknown,0,7,202040,-0.6972,5088093967
unknown,0,7,202039,4.5015,5088093967
unknown,0,7,202038,-3.8043,5088093967
unknown,0,7,202036,3.8043,5088093967
unknown,0,7,202035,0.0,5088093967
canibalizado,0,7,202034,-15.9144,5088093967
unknown,0,7,202033,8.305800000000001,5088093967
unknown,0,6,202031,0.0,5090482357
unknown,0,6,202041,0.0,5090482357
unknown,0,6,202037,0.0,5090482357
unknown,0,6,202040,0.0,5090482357
pos canibalizado,0,6,202039,-7.6086,5090482357
canibalizador,0,6,202038,7.6086,5090482357
unknown,0,6,202036,0.0,5090482357
unknown,0,6,202035,0.0,5090482357
unknown,0,6,202034,0.0,5090482357
unknown,0,6,202033,0.0,5090482357
pos canibalizado,0,6,202031,-67.52250000000001,4987580407
pos canibalizador,0,6,202041,18.006,4987580407
pos canibalizador,0,6,202037,18.38640000000001,4987580407
pos canibalizador,0,6,202040,13.7577,4987580407
canibalizador,0,6,202039,12.300299999999993,4987580407
unknown,0,6,202038,-126.86670000000001,4987580407
unknown,0,6,202036,151.5303,4987580407
canibalizado,0,6,202035,-62.5779,4987580407
unknown,0,6,202034,125.7891,4987580407
unknown,0,6,202033,-109.81170000000002,4987580407
unknown,0,6,202031,0.6972,4987562917
unknown,0,6,202041,3.8043,4987562917
unknown,0,6,202037,-3.8043,4987562917
unknown,0,6,202040,-5.452500000000001,4987562917
unknown,0,6,202039,9.2568,4987562917
unknown,0,6,202038,0.0,4987562917
canibalizado,0,6,202036,-16.8654,4987562917
unknown,0,6,202035,9.256800000000002,4987562917
unknown,0,6,202034,-1.6482,4987562917
unknown,0,6,202033,1.6482,4987562917
unknown,0,5,202031,-7.608599999999999,4987695437
pos canibalizador,0,5,202041,12.3639,4987695437
unknown,0,5,202037,-4.5015,4987695437
unknown,0,5,202040,0.6972,4987695437
unknown,0,5,202039,3.8043,4987695437
unknown,0,5,202038,-4.5015,4987695437
canibalizado,0,5,202036,-20.2263,4987695437
pos canibalizador,0,5,202035,24.7278,4987695437
unknown,0,5,202034,-4.5015,4987695437
unknown,0,5,202033,4.5015,4987695437
unknown,0,4,202031,3.8043000000000005,5088814977
pos canibalizado,0,4,202041,-27.008999999999997,5088814977
canibalizador,0,4,202037,21.113099999999996,5088814977
unknown,0,4,202040,0.6972000000000005,5088814977
unknown,0,4,202039,5.1987,5088814977
unknown,0,4,202038,3.1071,5088814977
pos canibalizado,0,4,202036,-18.00599999999997,5088814977
unknown,0,4,202035,-7.165200000000031,5088814977
unknown,0,4,202034,4.0581,5088814977
pos canibalizado,0,4,202033,-15.914399999999997,5088814977
unknown,0,4,202031,-7.6086,4987632557
pos canibalizado,0,4,202041,-8.305800000000001,4987632557
unknown,0,4,202037,12.110100000000001,4987632557
pos canibalizado,0,4,202040,-18.070199999999968,4987632557
unknown,0,4,202039,5.262900000000002,4987632557
canibalizador,0,4,202038,16.611599999999967,4987632557
unknown,0,4,202036,-8.305800000000001,4987632557
unknown,0,4,202035,0.6972000000000014,4987632557
unknown,0,4,202034,-12.1101,4987632557
unknown,0,4,202033,7.608599999999999,4987632557
unknown,0,4,202031,-3.8043,4987632337
unknown,0,4,202041,-4.755299999999999,4987632337
unknown,0,4,202037,8.5596,4987632337
unknown,0,4,202040,3.8043,4987632337
canibalizado,0,4,202039,-12.3639,4987632337
unknown,0,4,202038,8.5596,4987632337
unknown,0,4,202036,-3.8043,4987632337
pos canibalizador,0,4,202035,7.6086,4987632337
unknown,0,4,202034,-4.7553,4987632337
unknown,0,4,202033,-11.1591,4987632337
canibalizado,0,4,202031,-23.522699999999997,4987607877
pos canibalizador,0,4,202041,23.522699999999997,4987607877
unknown,0,4,202037,-5.706300000000001,4987607877
pos canibalizado,0,4,202040,-8.305799999999998,4987607877
pos canibalizador,0,4,202039,13.061099999999998,4987607877
unknown,0,4,202038,-3.8042999999999996,4987607877
unknown,0,4,202036,-0.6972000000000005,4987607877
unknown,0,4,202035,-2.1561000000000003,4987607877
unknown,0,4,202034,6.9114,4987607877
unknown,0,4,202033,-12.6177,4987607877
unknown,0,4,202031,3.8043000000000013,4987603497
pos canibalizado,0,4,202041,-10.7157,4987603497
unknown,0,4,202037,6.911399999999999,4987603497
unknown,0,4,202040,8.305800000000001,4987603497
unknown,0,4,202039,-3.8043,4987603497
unknown,0,4,202038,3.8043,4987603497
pos canibalizado,0,4,202036,-26.1222,4987603497
pos canibalizador,0,4,202035,9.510599999999997,4987603497
unknown,0,4,202034,-5.009099999999968,4987603497
canibalizador,0,4,202033,16.865399999999973,4987603497
unknown,0,4,202031,13.314899999999998,4987569497
unknown,0,4,202041,1.9022999999999968,4987569497
pos canibalizado,0,4,202037,-30.941100000000002,4987569497
unknown,0,4,202040,6.213300000000004,4987569497
pos canibalizador,0,4,202039,48.5043,4987569497
pos canibalizado,0,4,202038,-53.7666,4987569497
canibalizador,0,4,202036,19.5282,4987569497
unknown,0,4,202035,-3.804299999999998,4987569497
pos canibalizador,0,4,202034,19.972499999999997,4987569497
pos canibalizado,0,4,202033,-30.9411,4987569497
pos canibalizado,0,3,202031,-8.5596,5091611687
unknown,0,3,202041,4.7553,5091611687
unknown,0,3,202037,3.8043,5091611687
unknown,0,3,202040,-4.7553,5091611687
unknown,0,3,202039,4.7553,5091611687
unknown,0,3,202038,0.0,5091611687
canibalizado,0,3,202036,-12.3639,5091611687
unknown,0,3,202035,8.5596,5091611687
unknown,0,3,202034,3.8043,5091611687
unknown,0,3,202033,0.0,5091611687
unknown,0,3,202031,0.0,5090014407
canibalizador,0,3,202041,19.021199999999997,5090014407
canibalizador,0,3,202037,19.0215,5090014407
canibalizado,0,3,202040,-38.0424,5090014407
pos canibalizado,0,3,202039,-33.28739999999999,5090014407
unknown,0,3,202038,-11.412900000000008,5090014407
unknown,0,3,202036,71.3298,5090014407
unknown,0,3,202035,-3.8042999999999996,5090014407
canibalizado,0,3,202034,-18.069900000000004,5090014407
pos canibalizador,0,3,202033,14.265600000000003,5090014407
pos canibalizador,0,3,202031,13.0611,5089466587
canibalizado,0,3,202041,-7.862400000000001,5089466587
unknown,0,3,202037,7.608600000000001,5089466587
pos canibalizador,0,3,202040,13.3149,5089466587
pos canibalizado,0,3,202039,-20.9235,5089466587
canibalizador,0,3,202038,17.1192,5089466587
unknown,0,3,202036,-7.608600000000001,5089466587
canibalizado,0,3,202035,-19.0212,5089466587
pos canibalizador,0,3,202034,22.8255,5089466587
canibalizado,0,3,202033,-18.0702,5089466587
unknown,0,1,202031,0.0,5090638227
unknown,0,1,202041,0.0,5090638227
pos canibalizado,0,1,202037,-17.1192,5090638227
canibalizador,0,1,202040,17.1192,5090638227
unknown,0,1,202039,0.0,5090638227
unknown,0,1,202038,-4.7553,5090638227
unknown,0,1,202036,4.7553,5090638227
unknown,0,1,202035,-3.8043,5090638227
unknown,0,1,202034,3.8043,5090638227
unknown,0,1,202033,0.0,5090638227
unknown,0,1,202031,5.452500000000001,5088017987
unknown,0,1,202041,-5.452500000000001,5088017987
unknown,0,1,202037,0.6972000000000005,5088017987
unknown,0,1,202040,-14.2659,5088017987
pos canibalizador,0,1,202039,22.825499999999998,5088017987
pos canibalizado,0,1,202038,-24.727800000000002,5088017987
unknown,0,1,202036,-2.8530000000000015,5088017987
pos canibalizador,0,1,202035,19.9722,5088017987
canibalizado,0,1,202034,-24.283499999999997,5088017987
unknown,0,1,202033,14.772900000000028,5088017987
unknown,0,1,202031,-3.8043,4987754597
unknown,0,1,202041,3.8043,4987754597
unknown,0,1,202037,-13.3149,4987754597
unknown,0,1,202040,-8.559600000000001,4987754597
unknown,0,1,202039,0.2538000000000018,4987754597
canibalizador,0,1,202038,21.6207,4987754597
unknown,0,1,202036,0.0,4987754597
unknown,0,1,202035,0.0,4987754597
unknown,0,1,202034,0.0,4987754597
unknown,0,1,202033,0.0,4987754597
